[
{
	"id": 1,
	"name": "Mona Lisa by Leonardo da Vinci",
	"src": "study_images/Mona Lisa by Leonardo da Vinci.jpg",
	"description": "The Mona Lisa, painted by Leonardo da Vinci in the early 16th century, is arguably the most famous artwork in the world. Housed in the Louvre Museum in Paris, it is celebrated for its extraordinary realism, the mastery of its execution, and the enigmatic expression of its subject. The portrait depicts Lisa Gherardini, wife of Florentine merchant Francesco del Giocondo, seated against a vast, imaginary landscape. The subtle gradations of light and shadow, known as sfumato, give the face a lifelike presence and enigmatic appeal. Her smile, often described as elusive or mysterious, has intrigued viewers for centuries. The background, with its winding paths and distant mountains, adds to the painting's sense of depth. The Mona Lisa's fame is amplified by its rich history of theft and recovery, and the countless stories and hypotheses about the identity and expression of its subject. Da Vinci's meticulous attention to detail and innovative techniques have made the Mona Lisa not just a masterpiece of the Renaissance, but a timeless icon of art."
},
{
	"id": 2,
	"name": "The Starry Night by Vincent van Gogh",
	"src": "study_images/The Starry Night by Vincent van Gogh.jpg",
	"description": "The Starry Night, created by Vincent van Gogh in 1889, is one of the most recognized pieces in the history of Western art. This masterpiece, currently housed in the Museum of Modern Art in New York, was painted while van Gogh was in an asylum in Saint-Rémy-de-Provence, France. The painting depicts a tumultuous sky filled with swirling stars above a quiet, sleeping village, with a large cypress tree in the foreground. Van Gogh's use of thick, impasto brushstrokes and vibrant colors conveys intense emotion and energy, a hallmark of his style. The Starry Night is often interpreted as reflecting van Gogh's state of mind during his stay at the asylum, showcasing his struggle with despair while also conveying a sense of hope through the bright stars. The painting's dynamic, flowing lines and the contrast between the calm village and the dramatic sky have captivated viewers and artists alike, making it a symbol of the power of imagination and creativity. Van Gogh's innovative technique and the emotional depth of The Starry Night have contributed significantly to the foundations of modern art."
},
{
	"id": 3,
	"name": "The Last Supper by Leonardo da Vinci",
	"src": "study_images/The Last Supper by Leonardo da Vinci.jpg",
	"description": "\"The Last Supper,\" completed by Leonardo da Vinci in the late 15th century, is a monumental mural painting that covers the back wall of the dining hall at the convent of Santa Maria delle Grazie in Milan, Italy. This masterpiece depicts the dramatic moment from the New Testament when Jesus announces that one of his Twelve Apostles would betray him. Da Vinci's composition masterfully captures the varied emotional reactions of each apostle through their expressions and gestures, organized into groups of three on either side of Christ. Unlike traditional depictions, da Vinci chose to portray this significant biblical scene as a dynamic, unfolding event, emphasizing the psychological intensity and human drama. The use of perspective leads the viewer's attention directly to the central figure of Jesus, whose calm demeanor contrasts with the turmoil among the apostles. Over the years, \"The Last Supper\" has suffered from deterioration, yet remains one of the most studied and revered paintings in the world, showcasing da Vinci's genius in composition, emotional depth, and use of space."
},
{
	"id": 4,
	"name": "Guernica by Pablo Picasso",
	"src": "study_images/Guernica by Pablo Picasso.jpg",
	"description": "\"Guernica,\" painted by Pablo Picasso in 1937, is a powerful political statement and one of the most moving anti-war artworks in history. Created in response to the Nazi German bombing of Guernica, a Basque Country village in northern Spain, during the Spanish Civil War, the mural-sized oil painting is a complex tableau of suffering, depicting the tragedies of war and the innocent lives it impacts. The monochromatic palette of black, white, and grays serves to emphasize the starkness of the scene and the universal nature of its message. Key elements within the painting, such as the grieving woman holding her dead child, the bull, and the dismembered soldier, convey a sense of chaos and agony. Picasso's use of Cubist techniques and disjointed space adds to the painting's emotional intensity, making it a timeless reminder of the horrors of war. \"Guernica\" has not only become an iconic symbol of peace and a protest against war but also a pivotal work in Picasso's oeuvre, showcasing his ability to merge form, content, and politics."
},
{
	"id": 5,
	"name": "The Scream by Edvard Munch",
	"src": "study_images/The Scream by Edvard Munch.jpg",
	"description": "\"The Scream\" is one of the most iconic and recognizable paintings in the art world, created by Norwegian artist Edvard Munch in 1893. This expressionist masterpiece conveys profound emotional content, capturing a figure standing against a backdrop of a blood-red sky, holding its head in despair while screaming. The swirling sky and the curvilinear lines of the landscape contribute to the painting's intense emotional effect, creating a sense of movement and turmoil. Munch's work is often seen as a representation of the anxiety and existential dread of the modern human condition. The figure's distorted facial expression and the vibrant colors amplify the feeling of anguish and disorientation. \"The Scream\" has been interpreted in various ways, including as a symbol of the individual's struggle with identity, the pressures of society, and the artist's personal inner turmoil. It exists in several versions, including painted and pastel. This piece has left a lasting impact on the art world, influencing the development of expressionism in Europe and serving as an enduring symbol of human emotion and psychological depth."
},
{
	"id": 6,
	"name": "Girl with a Pearl Earring by Johannes Vermeer",
	"src": "study_images/Girl with a Pearl Earring by Johannes Vermeer.jpg",
	"description": "\"Girl with a Pearl Earring,\" also known as the \"Dutch Mona Lisa,\" is a renowned 17th-century painting by Johannes Vermeer. This exquisite piece is celebrated for its simplicity and the mystery surrounding the identity of the subject. The painting portrays a young girl, turning over her shoulder to look at the viewer, with her lips slightly parted as if caught in a moment of silent communication. The most striking feature is the luminous pearl earring, which, alongside the girl's soft gaze, draws the viewer's attention. Vermeer's mastery of light and shadow is evident in the delicate rendering of the girl's face and the pearl's soft glow, creating a sense of depth and realism. The dark background enhances the subject's luminescence, focusing all attention on her. The painting's allure is amplified by its enigmatic qualities, including the girl's identity and her expression's subtle complexity. Housed in the Mauritshuis museum in The Hague, this masterpiece is a prime example of Dutch Golden Age painting, showcasing Vermeer's skill in capturing the beauty of ordinary life and elevating it to the extraordinary."
},
{
	"id": 7,
	"name": "The Birth of Venus by Sandro Botticelli",
	"src": "study_images/The Birth of Venus by Sandro Botticelli.jpg",
	"description": "\"The Birth of Venus\" is a seminal work of the Italian Renaissance, painted by Sandro Botticelli in the mid-1480s. This iconic painting depicts the mythological story of Venus, the Roman goddess of love and beauty, emerging from the sea as a fully grown woman. According to mythology, Venus was born from the sea foam and transported to the shore on a giant scallop shell, symbolizing divine beauty and purity. Botticelli's masterpiece is renowned for its extraordinary grace and the fluidity of its figures. The goddess stands in the center, her hair flowing in the wind, modestly covering herself with her hands, while the figures of Zephyrus, the god of the west wind, and Aura, the personification of a lighter breeze, gently blow her towards the shore. On the right, one of the Horae, goddesses of the seasons, is ready to clothe her with a richly embroidered mantle. The painting's use of line and form, along with its ethereal quality and the idealized beauty of Venus, exemplifies the Renaissance fascination with classical antiquity. Housed in the Uffizi Gallery in Florence, \"The Birth of Venus\" remains a timeless celebration of beauty, love, and the arts."
},
{
	"id": 8,
	"name": "The Night Watch by Rembrandt van Rijn",
	"src": "study_images/The Night Watch by Rembrandt van Rijn.jpg",
	"description": "\"The Night Watch,\" completed in 1642 by Rembrandt van Rijn, is one of the most famous works of the Dutch Golden Age. This large painting is officially titled \"Militia Company of District II under the Command of Captain Frans Banninck Cocq,\" but it is popularly known as \"The Night Watch\" due to its perceived nighttime setting, a misconception corrected by later cleanings which revealed a daytime scene. The painting is celebrated for its dramatic use of light and shadow (chiaroscuro) and the perception of motion, setting it apart from the static formality typical of militia group portraits of the time. Rembrandt masterfully depicts a dynamic moment as the company prepares to march out, with Captain Cocq and his lieutenant illuminated in the foreground, leading the viewer's eye into the scene's depth. The intricate composition and the lively expressions of the figures showcase Rembrandt's skill in capturing individual characters and the collective energy of the group. Housed in the Rijksmuseum in Amsterdam, \"The Night Watch\" remains a masterpiece of baroque art, reflecting the civic pride and military spirit of Amsterdam's citizens during the 17th century."
},
{
	"id": 9,
	"name": "Water Lilies by Claude Monet",
	"src": "study_images/Water Lilies by Claude Monet.jpg",
	"description": "\"Water Lilies\" is a series of approximately 250 oil paintings by French Impressionist artist Claude Monet. The series, created during the last 30 years of Monet's life, focuses on the water lily pond in his garden at Giverny. These paintings are celebrated for their exploration of light, reflection, and the natural beauty of the pond environment. Monet's fascination with the subject led him to capture the pond's surface in various conditions, from dawn to dusk, highlighting the changing light and its effects on color. The \"Water Lilies\" series is a testament to Monet's mastery of color theory and his innovative approach to capturing the transient moments of nature. The paintings vary in size, some spanning over six meters in width, designed to envelop the viewer in the scene. This immersive experience was further realized in Monet's design of the Orangerie Museum in Paris, where panels of Water Lilies are displayed in two oval rooms, creating a continuous panorama. The series not only epitomizes Impressionist techniques of outdoor painting and the play of light but also marks a transition towards the abstract, as Monet emphasized the harmonious interplay of light, water, and the lily pads over realistic representation."
},
{
	"id": 10,
	"name": "The Persistence of Memory by Salvador Dali",
	"src": "study_images/The Persistence of Memory by Salvador Dali.jpg",
	"description": "\"The Persistence of Memory,\" painted by Salvador Dalí in 1931, is one of the most famous and recognizable works of Surrealism. This small canvas, measuring just 24 x 33 cm, depicts a dream-like landscape where time appears to melt away, represented by several soft, melting pocket watches. The setting is a barren landscape, reminiscent of Dalí's home in Catalonia, under a calm sky. One of the watches drapes over the edge of a table, another hangs from a dead tree, and a third covers a strange, amorphous face that may be a self-portrait of Dalí himself, suggesting the fluidity and distortion of time in the dream state. The precise rendering and the use of familiar objects in an unfamiliar context are hallmarks of Dalí's work, inviting viewers to explore the subconscious and the irrational world of dreams. \"The Persistence of Memory\" challenges the viewer's conventional perceptions of reality and time, embodying the essence of Surrealism by blending the bizarre with the meticulous. Housed in the Museum of Modern Art (MoMA) in New York, this masterpiece continues to fascinate and perplex audiences with its enigmatic themes and technical brilliance."
}
]