[
    {"id": 1, "name": "Abstract Art"},
    {"id": 2, "name": "Abstract Expressionism"},
    {"id": 3, "name": "Acrylic Paint"},
    {"id": 4, "name": "Actionism"},
    {"id": 5, "name": "Action Painters"},
    {"id": 6, "name": "Activist Art"},
    {"id": 7, "name": "Airbrushing"},
    {"id": 8, "name": "Allegory"},
    {"id": 9, "name": "Altermodern"},
    {"id": 10, "name": "Animation"},
    {"id": 11, "name": "Appropriation"},
    {"id": 12, "name": "Aquatint"},
    {"id": 13, "name": "Art And Language"},
    {"id": 14, "name": "Art Brut"},
    {"id": 15, "name": "Arte Povera"},
    {"id": 16, "name": "Art Intervention"},
    {"id": 17, "name": "Assemblage"},
    {"id": 18, "name": "Biomorphic"},
    {"id": 19, "name": "Body Art"},
    {"id": 20, "name": "Bricolage"},
    {"id": 21, "name": "Canvas"},
    {"id": 22, "name": "Chalk"},
    {"id": 23, "name": "Charcoal"},
    {"id": 24, "name": "Collage"},
    {"id": 25, "name": "Comic Strip Art"},
    {"id": 26, "name": "Conceptual Art"},
    {"id": 27, "name": "Craft"},
    {"id": 28, "name": "Cubism"},
    {"id": 29, "name": "Dada"},
    {"id": 30, "name": "Decalcomania"},
    {"id": 31, "name": "Décollage"},
    {"id": 32, "name": "Digital Art"},
    {"id": 33, "name": "Direct Carving"},
    {"id": 34, "name": "Drawing"},
    {"id": 35, "name": "Drypoint"},
    {"id": 36, "name": "Educational Turn"},
    {"id": 37, "name": "Electronic Media"},
    {"id": 38, "name": "Embossed"},
    {"id": 39, "name": "Engraving"},
    {"id": 40, "name": "Environmental Art"},
    {"id": 41, "name": "Environments"},
    {"id": 42, "name": "Ephemeral Art"},
    {"id": 43, "name": "Etching"},
    {"id": 44, "name": "Expanded Cinema"},
    {"id": 45, "name": "Expressionism"},
    {"id": 46, "name": "Feminist Art"},
    {"id": 47, "name": "Figurative Art"},
    {"id": 48, "name": "Form"},
    {"id": 49, "name": "Formalism"},
    {"id": 50, "name": "Formlessness"},
    {"id": 51, "name": "Found Object"},
    {"id": 52, "name": "Fresco"},
    {"id": 53, "name": "Frottage"},
    {"id": 54, "name": "Generative Art"},
    {"id": 55, "name": "Gestural"},
    {"id": 56, "name": "Gouache"},
    {"id": 57, "name": "Graffiti Art"},
    {"id": 58, "name": "Graphite"},
    {"id": 59, "name": "Happening"},
    {"id": 60, "name": "Hard Edge Painting"},
    {"id": 61, "name": "Hyper-Realism"},
    {"id": 62, "name": "Iconography"},
    {"id": 63, "name": "Identity Politics"},
    {"id": 64, "name": "Illusionism"},
    {"id": 65, "name": "Impasto"},
    {"id": 66, "name": "Industrial Design"},
    {"id": 67, "name": "Ink"},
    {"id": 68, "name": "Installation Art"},
    {"id": 69, "name": "Institutional Critique"},
    {"id": 70, "name": "Intaglio"},
    {"id": 71, "name": "Interactive Art"},
    {"id": 72, "name": "Internet Art"},
    {"id": 73, "name": "Kinetic Art"},
    {"id": 74, "name": "Kitsch"},
    {"id": 75, "name": "Land Art"},
    {"id": 76, "name": "Landscape"},
    {"id": 77, "name": "Linocut"},
    {"id": 78, "name": "Lithography"},
    {"id": 79, "name": "Mail Art"},
    {"id": 80, "name": "Maquette"},
    {"id": 81, "name": "Metaphysical Art"},
    {"id": 82, "name": "Mezzotint"},
    {"id": 83, "name": "Minimalism"},
    {"id": 84, "name": "Mixed Media"},
    {"id": 85, "name": "Mobile"},
    {"id": 86, "name": "Modernism"},
    {"id": 87, "name": "Modern Realism"},
    {"id": 88, "name": "Monoprint"},
    {"id": 89, "name": "Monotype"},
    {"id": 90, "name": "Montage"},
    {"id": 91, "name": "Mosaic"},
    {"id": 92, "name": "Multi-Media"},
    {"id": 93, "name": "Mural"},
    {"id": 94, "name": "Neo-Dada"},
    {"id": 95, "name": "Neo-Expressionism"},
    {"id": 96, "name": "Neo-Plasticism"},
    {"id": 97, "name": "New Figuration"},
    {"id": 98, "name": "New Media"},
    {"id": 99, "name": "New Topographics"},
    {"id": 100, "name": "Oil Paint"},
    {"id": 101, "name": "Op Art"},
    {"id": 102, "name": "Outsider Art"},
    {"id": 103, "name": "Painting"},
    {"id": 104, "name": "Panel"},
    {"id": 105, "name": "Paper"},
    {"id": 106, "name": "Papier Collé"},
    {"id": 107, "name": "Pastel"},
    {"id": 108, "name": "Performance Art"},
    {"id": 109, "name": "Photography"},
    {"id": 110, "name": "Photomontage"},
    {"id": 111, "name": "Photorealism"},
    {"id": 112, "name": "Pop Art"},
    {"id": 113, "name": "Portrait"},
    {"id": 114, "name": "Postmodernism"},
    {"id": 115, "name": "Post-Painterly Abstraction"},
    {"id": 116, "name": "Print"},
    {"id": 117, "name": "Process Art"},
    {"id": 118, "name": "Psychogeography"},
    {"id": 119, "name": "Public Art"},
    {"id": 120, "name": "Readymade"},
    {"id": 121, "name": "Realism"},
    {"id": 122, "name": "Relational Aesthetics"},
    {"id": 123, "name": "Relief"},
    {"id": 124, "name": "Resin"},
    {"id": 125, "name": "Sculpture"},
    {"id": 126, "name": "Site-Specific"},
    {"id": 127, "name": "Social Turn"},
    {"id": 128, "name": "Sound Art"},
    {"id": 129, "name": "Still Life"},
    {"id": 130, "name": "Street Art"},
    {"id": 131, "name": "Stuckism"},
    {"id": 132, "name": "Surrealism"},
    {"id": 133, "name": "Tempera"},
    {"id": 134, "name": "The Uncanny"},
    {"id": 135, "name": "Underground Art"},
    {"id": 136, "name": "Video"},
    {"id": 137, "name": "Virtual Reality"},
    {"id": 138, "name": "Watercolour"},
    {"id": 139, "name": "Woodcut"},
    {"id": 140, "name": "Wood Engraving"}
]