[
    {"id": 1, "name": "Public Space"},
    {"id": 2, "name": "Heritage Site"},
    {"id": 3, "name": "Monument"},
    {"id": 4, "name": "Urban Space"},
    {"id": 5, "name": "Suburban Space"},
    {"id": 6, "name": "Rural Space"},
    {"id": 7, "name": "Park"},
    {"id": 8, "name": "Historical Site"},
    {"id": 9, "name": "Location With Personal Singificance"},
    {"id": 10, "name": "Location With Personal Emotional Value"},
    {"id": 11, "name": "Industrial Site"},
    {"id": 12, "name": "Transit Areas (Trasportation Hubs, Airports)"},
    {"id": 13, "name": "Commercial Spaces (Malls)"},
    {"id": 14, "name": "Religion-Related Spaces"},
    {"id": 15, "name": "Dark Heritage Spaces"},
    {"id": 16, "name": "Public Squares"},
    {"id": 17, "name": "Commercial Streets"},
    {"id": 18, "name": "Entrtainment-Related Spaces"},
    {"id": 19, "name": "Sites Related To Historical Events"},
    {"id": 20, "name": "Sites Related To Traumatic Events"},
    {"id": 21, "name": "Sites Related To Collective Memory"}
]